0,[parse failed]:https://nha.chotot.com/ha-noi/huyen-hoai-duc/thue-bat-dong-san/83832129.htm
1,[get failed]:https://nha.chotot.com/ha-noi/quan-hai-ba-trung/thue-bat-dong-san/83864598.htm
2,[parse failed]:https://nha.chotot.com/ha-noi/quan-dong-da/thue-bat-dong-san/83863592.htm
3,[parse failed]:https://nha.chotot.com/ha-noi/quan-thanh-xuan/thue-bat-dong-san/83817324.htm
4,[get failed]:https://nha.chotot.com/ha-noi/quan-tay-ho/thue-bat-dong-san/83732010.htm
5,[parse failed]:https://nha.chotot.com/ha-noi/huyen-thanh-tri/thue-bat-dong-san/83793736.htm
6,[parse failed]:https://nha.chotot.com/ha-noi/quan-dong-da/thue-bat-dong-san/83764203.htm
7,[parse failed]:https://nha.chotot.com/ha-noi/quan-cau-giay/thue-bat-dong-san/83801690.htm
8,[parse failed]:https://nha.chotot.com/ha-noi/quan-cau-giay/thue-bat-dong-san/83723108.htm
9,[get failed]:https://nha.chotot.com/ha-noi/quan-thanh-xuan/thue-bat-dong-san/83747734.htm
10,[get failed]:https://nha.chotot.com/ha-noi/huyen-thanh-tri/thue-bat-dong-san/81730517.htm
11,[get failed]:https://nha.chotot.com/ha-noi/huyen-thanh-tri/thue-bat-dong-san/81292494.htm
12,[parse failed]:https://nha.chotot.com/ha-noi/quan-hoang-mai/thue-bat-dong-san/83754804.htm
13,[parse failed]:https://nha.chotot.com/ha-noi/quan-ha-dong/thue-bat-dong-san/83691150.htm
14,[parse failed]:https://nha.chotot.com/ha-noi/huyen-thanh-tri/thue-bat-dong-san/83690136.htm
15,[parse failed]:https://nha.chotot.com/ha-noi/quan-hai-ba-trung/thue-bat-dong-san/83718799.htm
16,[parse failed]:https://nha.chotot.com/ha-noi/quan-cau-giay/thue-bat-dong-san/83714092.htm
17,[get failed]:https://nha.chotot.com/ha-noi/quan-hai-ba-trung/thue-bat-dong-san/83227114.htm
18,[get failed]:https://nha.chotot.com/ha-noi/quan-ha-dong/thue-bat-dong-san/83683272.htm
19,[get failed]:https://nha.chotot.com/ha-noi/quan-thanh-xuan/thue-bat-dong-san/83658565.htm
20,[get failed]:https://nha.chotot.com/ha-noi/quan-cau-giay/thue-bat-dong-san/83652935.htm
21,[parse failed]:https://nha.chotot.com/ha-noi/quan-cau-giay/thue-bat-dong-san/83642595.htm
22,[parse failed]:https://nha.chotot.com/ha-noi/quan-ha-dong/thue-bat-dong-san/83608594.htm
23,[parse failed]:https://nha.chotot.com/ha-noi/quan-ha-dong/thue-bat-dong-san/83669964.htm
24,[get failed]:https://nha.chotot.com/ha-noi/quan-dong-da/thue-bat-dong-san/83588099.htm
25,[get failed]:https://nha.chotot.com/ha-noi/quan-cau-giay/thue-bat-dong-san/83584181.htm
26,[get failed]:https://nha.chotot.com/ha-noi/quan-cau-giay/thue-bat-dong-san/83584255.htm
27,[parse failed]:https://nha.chotot.com/ha-noi/quan-thanh-xuan/thue-bat-dong-san/83576184.htm
28,[parse failed]:https://nha.chotot.com/ha-noi/quan-thanh-xuan/thue-bat-dong-san/83571491.htm
29,[parse failed]:https://nha.chotot.com/ha-noi/quan-long-bien/thue-bat-dong-san/83575547.htm
30,[get failed]:https://nha.chotot.com/ha-noi/quan-thanh-xuan/thue-bat-dong-san/83550098.htm
31,[parse failed]:https://nha.chotot.com/ha-noi/quan-cau-giay/thue-bat-dong-san/83597627.htm
32,[get failed]:https://nha.chotot.com/ha-noi/quan-ba-dinh/thue-bat-dong-san/83594642.htm
33,[get failed]:https://nha.chotot.com/ha-noi/quan-dong-da/thue-bat-dong-san/83588797.htm
34,[get failed]:https://nha.chotot.com/ha-noi/quan-tay-ho/thue-bat-dong-san/81654196.htm
35,[parse failed]:https://nha.chotot.com/ha-noi/quan-thanh-xuan/thue-bat-dong-san/83507060.htm
36,[get failed]:https://nha.chotot.com/ha-noi/quan-hai-ba-trung/thue-bat-dong-san/83510284.htm
37,[parse failed]:https://nha.chotot.com/ha-noi/quan-thanh-xuan/thue-bat-dong-san/83509586.htm
38,[get failed]:https://nha.chotot.com/ha-noi/quan-dong-da/thue-bat-dong-san/83449562.htm
39,[parse failed]:https://nha.chotot.com/ha-noi/quan-ha-dong/thue-bat-dong-san/83449500.htm
40,[parse failed]:https://nha.chotot.com/ha-noi/quan-hai-ba-trung/thue-bat-dong-san/83448358.htm
41,[get failed]:https://nha.chotot.com/ha-noi/quan-thanh-xuan/thue-bat-dong-san/83445432.htm
42,[get failed]:https://nha.chotot.com/ha-noi/quan-hai-ba-trung/thue-bat-dong-san/83370806.htm
43,[get failed]:https://nha.chotot.com/ha-noi/quan-thanh-xuan/thue-bat-dong-san/83370689.htm
44,[parse failed]:https://nha.chotot.com/ha-noi/quan-nam-tu-liem/thue-bat-dong-san/83341202.htm
45,[get failed]:https://nha.chotot.com/ha-noi/quan-cau-giay/thue-bat-dong-san/83389064.htm
46,[parse failed]:https://nha.chotot.com/ha-noi/quan-nam-tu-liem/thue-bat-dong-san/83385329.htm
47,[parse failed]:https://nha.chotot.com/ha-noi/quan-cau-giay/thue-bat-dong-san/83386745.htm
48,[get failed]:https://nha.chotot.com/ha-noi/quan-dong-da/thue-bat-dong-san/83405459.htm
49,[get failed]:https://nha.chotot.com/ha-noi/quan-ba-dinh/thue-bat-dong-san/83397898.htm
50,[parse failed]:https://nha.chotot.com/ha-noi/quan-hai-ba-trung/thue-bat-dong-san/83350091.htm
51,[get failed]:https://nha.chotot.com/ha-noi/quan-hai-ba-trung/thue-bat-dong-san/83304094.htm
52,[parse failed]:https://nha.chotot.com/ha-noi/quan-hai-ba-trung/thue-bat-dong-san/83247253.htm
53,[parse failed]:https://nha.chotot.com/ha-noi/quan-thanh-xuan/thue-bat-dong-san/83244168.htm
54,[parse failed]:https://nha.chotot.com/ha-noi/quan-dong-da/thue-bat-dong-san/83229894.htm
55,[parse failed]:https://nha.chotot.com/ha-noi/quan-cau-giay/thue-bat-dong-san/83266966.htm
56,[parse failed]:https://nha.chotot.com/ha-noi/quan-dong-da/thue-bat-dong-san/83092727.htm
57,[parse failed]:https://nha.chotot.com/ha-noi/quan-ha-dong/thue-bat-dong-san/83014830.htm
58,[parse failed]:https://nha.chotot.com/ha-noi/quan-dong-da/thue-bat-dong-san/83065077.htm
59,[parse failed]:https://nha.chotot.com/ha-noi/quan-hoang-mai/thue-bat-dong-san/83065437.htm
60,[parse failed]:https://nha.chotot.com/ha-noi/quan-dong-da/thue-bat-dong-san/83065082.htm
61,[parse failed]:https://nha.chotot.com/ha-noi/quan-ba-dinh/thue-bat-dong-san/83059124.htm
62,[get failed]:https://nha.chotot.com/ha-noi/quan-hoang-mai/thue-bat-dong-san/83003143.htm
63,[get failed]:https://nha.chotot.com/ha-noi/quan-cau-giay/thue-bat-dong-san/82957018.htm
64,[parse failed]:https://nha.chotot.com/ha-noi/quan-nam-tu-liem/thue-bat-dong-san/82985101.htm
65,[parse failed]:https://nha.chotot.com/ha-noi/quan-thanh-xuan/thue-bat-dong-san/82897359.htm
66,[parse failed]:https://nha.chotot.com/ha-noi/quan-thanh-xuan/thue-bat-dong-san/82926252.htm
