stt,0
0,[get failed]:https://nha.chotot.com/ha-noi/quan-cau-giay/thue-bat-dong-san/83855383.htm
stt,0
1,[parse failed]:https://nha.chotot.com/ha-noi/huyen-hoai-duc/thue-bat-dong-san/83832129.htm
stt,0
2,[get failed]:https://nha.chotot.com/ha-noi/quan-hoang-mai/thue-bat-dong-san/83762783.htm
stt,0
3,[get failed]:https://nha.chotot.com/ha-noi/quan-nam-tu-liem/thue-bat-dong-san/83850101.htm
stt,0
4,[get failed]:https://nha.chotot.com/ha-noi/quan-hai-ba-trung/thue-bat-dong-san/83864598.htm
stt,0
5,[parse failed]:https://nha.chotot.com/ha-noi/quan-dong-da/thue-bat-dong-san/83863592.htm
stt,0
6,[get failed]:https://nha.chotot.com/ha-noi/quan-hoang-mai/thue-bat-dong-san/83376240.htm
stt,0
7,[parse failed]:https://nha.chotot.com/ha-noi/quan-thanh-xuan/thue-bat-dong-san/83817324.htm
stt,0
8,[get failed]:https://nha.chotot.com/ha-noi/quan-tay-ho/thue-bat-dong-san/83732010.htm
stt,0
9,[parse failed]:https://nha.chotot.com/ha-noi/huyen-thanh-tri/thue-bat-dong-san/83793736.htm
stt,0
10,[get failed]:https://nha.chotot.com/ha-noi/quan-dong-da/thue-bat-dong-san/83790866.htm
stt,0
11,[parse failed]:https://nha.chotot.com/ha-noi/quan-dong-da/thue-bat-dong-san/83764203.htm
stt,0
12,[parse failed]:https://nha.chotot.com/ha-noi/quan-cau-giay/thue-bat-dong-san/83801690.htm
stt,0
13,[get failed]:https://nha.chotot.com/ha-noi/quan-hoang-mai/thue-bat-dong-san/83801491.htm
stt,0
14,[parse failed]:https://nha.chotot.com/ha-noi/quan-cau-giay/thue-bat-dong-san/83723108.htm
stt,0
15,[get failed]:https://nha.chotot.com/ha-noi/quan-dong-da/thue-bat-dong-san/83731565.htm
16,[get failed]:https://nha.chotot.com/ha-noi/quan-bac-tu-liem/thue-bat-dong-san/82962518.htm
stt,0
17,[get failed]:https://nha.chotot.com/ha-noi/quan-nam-tu-liem/thue-bat-dong-san/83748610.htm
18,[get failed]:https://nha.chotot.com/ha-noi/quan-nam-tu-liem/thue-bat-dong-san/83747595.htm
19,[get failed]:https://nha.chotot.com/ha-noi/quan-nam-tu-liem/thue-bat-dong-san/83748292.htm
20,[get failed]:https://nha.chotot.com/ha-noi/quan-thanh-xuan/thue-bat-dong-san/83747734.htm
stt,0
21,[get failed]:https://nha.chotot.com/ha-noi/huyen-thanh-tri/thue-bat-dong-san/81292494.htm
22,[get failed]:https://nha.chotot.com/ha-noi/huyen-thanh-tri/thue-bat-dong-san/81730517.htm
stt,0
23,[parse failed]:https://nha.chotot.com/ha-noi/quan-hoang-mai/thue-bat-dong-san/83754804.htm
stt,0
24,[get failed]:https://nha.chotot.com/ha-noi/quan-thanh-xuan/thue-bat-dong-san/83697407.htm
stt,0
25,[parse failed]:https://nha.chotot.com/ha-noi/quan-ha-dong/thue-bat-dong-san/83691150.htm
stt,0
26,[parse failed]:https://nha.chotot.com/ha-noi/huyen-thanh-tri/thue-bat-dong-san/83690136.htm
stt,0
27,[get failed]:https://nha.chotot.com/ha-noi/quan-ha-dong/thue-bat-dong-san/83730956.htm
stt,0
28,[parse failed]:https://nha.chotot.com/ha-noi/quan-hai-ba-trung/thue-bat-dong-san/83718799.htm
29,[parse failed]:https://nha.chotot.com/ha-noi/quan-cau-giay/thue-bat-dong-san/83714092.htm
stt,0
30,[get failed]:https://nha.chotot.com/ha-noi/quan-hai-ba-trung/thue-bat-dong-san/83227114.htm
stt,0
31,[get failed]:https://nha.chotot.com/ha-noi/quan-ha-dong/thue-bat-dong-san/83683272.htm
stt,0
32,[get failed]:https://nha.chotot.com/ha-noi/quan-dong-da/thue-bat-dong-san/83662748.htm
stt,0
33,[get failed]:https://nha.chotot.com/ha-noi/quan-thanh-xuan/thue-bat-dong-san/83658565.htm
stt,0
34,[get failed]:https://nha.chotot.com/ha-noi/quan-cau-giay/thue-bat-dong-san/83652935.htm
stt,0
35,[parse failed]:https://nha.chotot.com/ha-noi/quan-cau-giay/thue-bat-dong-san/83642595.htm
stt,0
36,[get failed]:https://nha.chotot.com/ha-noi/quan-tay-ho/thue-bat-dong-san/83630706.htm
37,[get failed]:https://nha.chotot.com/ha-noi/quan-thanh-xuan/thue-bat-dong-san/83625971.htm
stt,0
38,[parse failed]:https://nha.chotot.com/ha-noi/quan-ha-dong/thue-bat-dong-san/83608594.htm
stt,0
39,[get failed]:https://nha.chotot.com/ha-noi/quan-cau-giay/thue-bat-dong-san/83607049.htm
stt,0
40,[parse failed]:https://nha.chotot.com/ha-noi/quan-ha-dong/thue-bat-dong-san/83669964.htm
stt,0
41,[get failed]:https://nha.chotot.com/ha-noi/quan-nam-tu-liem/thue-bat-dong-san/83625462.htm
42,[get failed]:https://nha.chotot.com/ha-noi/quan-nam-tu-liem/thue-bat-dong-san/83625886.htm
43,[get failed]:https://nha.chotot.com/ha-noi/quan-nam-tu-liem/thue-bat-dong-san/83625576.htm
stt,0
44,[get failed]:https://nha.chotot.com/ha-noi/quan-cau-giay/thue-bat-dong-san/83646895.htm
45,[get failed]:https://nha.chotot.com/ha-noi/quan-tay-ho/thue-bat-dong-san/83646603.htm
stt,0
46,[get failed]:https://nha.chotot.com/ha-noi/quan-nam-tu-liem/thue-bat-dong-san/83646317.htm
47,[get failed]:https://nha.chotot.com/ha-noi/quan-cau-giay/thue-bat-dong-san/83645790.htm
48,[get failed]:https://nha.chotot.com/ha-noi/quan-cau-giay/thue-bat-dong-san/83646147.htm
stt,0
49,[get failed]:https://nha.chotot.com/ha-noi/quan-dong-da/thue-bat-dong-san/83588099.htm
stt,0
50,[get failed]:https://nha.chotot.com/ha-noi/quan-cau-giay/thue-bat-dong-san/83584255.htm
51,[get failed]:https://nha.chotot.com/ha-noi/quan-cau-giay/thue-bat-dong-san/83584181.htm
stt,0
52,[parse failed]:https://nha.chotot.com/ha-noi/quan-thanh-xuan/thue-bat-dong-san/83576184.htm
stt,0
53,[parse failed]:https://nha.chotot.com/ha-noi/quan-thanh-xuan/thue-bat-dong-san/83571491.htm
54,[parse failed]:https://nha.chotot.com/ha-noi/quan-long-bien/thue-bat-dong-san/83575547.htm
stt,0
55,[get failed]:https://nha.chotot.com/ha-noi/quan-thanh-xuan/thue-bat-dong-san/83550098.htm
stt,0
56,[get failed]:https://nha.chotot.com/ha-noi/quan-tay-ho/thue-bat-dong-san/83529052.htm
stt,0
57,[get failed]:https://nha.chotot.com/ha-noi/quan-ba-dinh/thue-bat-dong-san/83523763.htm
stt,0
58,[get failed]:https://nha.chotot.com/ha-noi/quan-tay-ho/thue-bat-dong-san/83519636.htm
stt,0
59,[parse failed]:https://nha.chotot.com/ha-noi/quan-cau-giay/thue-bat-dong-san/83597627.htm
stt,0
60,[get failed]:https://nha.chotot.com/ha-noi/quan-dong-da/thue-bat-dong-san/83588797.htm
61,[get failed]:https://nha.chotot.com/ha-noi/quan-ba-dinh/thue-bat-dong-san/83594642.htm
stt,0
62,[get failed]:https://nha.chotot.com/ha-noi/quan-tay-ho/thue-bat-dong-san/81654196.htm
stt,0
63,[get failed]:https://nha.chotot.com/ha-noi/quan-cau-giay/thue-bat-dong-san/83468050.htm
stt,0
64,[get failed]:https://nha.chotot.com/ha-noi/quan-cau-giay/thue-bat-dong-san/83460978.htm
stt,0
65,[parse failed]:https://nha.chotot.com/ha-noi/quan-thanh-xuan/thue-bat-dong-san/83507060.htm
stt,0
66,[get failed]:https://nha.chotot.com/ha-noi/quan-hai-ba-trung/thue-bat-dong-san/83510284.htm
67,[get failed]:https://nha.chotot.com/ha-noi/quan-nam-tu-liem/thue-bat-dong-san/83510618.htm
stt,0
68,[parse failed]:https://nha.chotot.com/ha-noi/quan-thanh-xuan/thue-bat-dong-san/83509586.htm
stt,0
69,[get failed]:https://nha.chotot.com/ha-noi/quan-ha-dong/thue-bat-dong-san/83450528.htm
stt,0
70,[get failed]:https://nha.chotot.com/ha-noi/quan-dong-da/thue-bat-dong-san/83449562.htm
71,[parse failed]:https://nha.chotot.com/ha-noi/quan-hai-ba-trung/thue-bat-dong-san/83448358.htm
72,[parse failed]:https://nha.chotot.com/ha-noi/quan-ha-dong/thue-bat-dong-san/83449500.htm
stt,0
73,[get failed]:https://nha.chotot.com/ha-noi/huyen-thanh-tri/thue-bat-dong-san/83445561.htm
74,[get failed]:https://nha.chotot.com/ha-noi/quan-thanh-xuan/thue-bat-dong-san/83445432.htm
stt,0
75,[get failed]:https://nha.chotot.com/ha-noi/quan-dong-da/thue-bat-dong-san/83433449.htm
stt,0
76,[get failed]:https://nha.chotot.com/ha-noi/quan-hai-ba-trung/thue-bat-dong-san/83370806.htm
77,[get failed]:https://nha.chotot.com/ha-noi/quan-thanh-xuan/thue-bat-dong-san/83370689.htm
stt,0
78,[get failed]:https://nha.chotot.com/ha-noi/quan-hai-ba-trung/thue-bat-dong-san/83358028.htm
stt,0
79,[get failed]:https://nha.chotot.com/ha-noi/quan-nam-tu-liem/thue-bat-dong-san/83379087.htm
stt,0
80,[parse failed]:https://nha.chotot.com/ha-noi/quan-nam-tu-liem/thue-bat-dong-san/83341202.htm
stt,0
81,[get failed]:https://nha.chotot.com/ha-noi/quan-cau-giay/thue-bat-dong-san/83389064.htm
stt,0
82,[parse failed]:https://nha.chotot.com/ha-noi/quan-cau-giay/thue-bat-dong-san/83386745.htm
83,[parse failed]:https://nha.chotot.com/ha-noi/quan-nam-tu-liem/thue-bat-dong-san/83385329.htm
stt,0
84,[get failed]:https://nha.chotot.com/ha-noi/quan-cau-giay/thue-bat-dong-san/83312782.htm
stt,0
85,[get failed]:https://nha.chotot.com/ha-noi/quan-dong-da/thue-bat-dong-san/83405459.htm
stt,0
86,[get failed]:https://nha.chotot.com/ha-noi/quan-nam-tu-liem/thue-bat-dong-san/83398844.htm
87,[get failed]:https://nha.chotot.com/ha-noi/quan-ba-dinh/thue-bat-dong-san/83397898.htm
stt,0
88,[parse failed]:https://nha.chotot.com/ha-noi/quan-hai-ba-trung/thue-bat-dong-san/83350091.htm
stt,0
89,[get failed]:https://nha.chotot.com/ha-noi/quan-nam-tu-liem/thue-bat-dong-san/83348506.htm
stt,0
90,[get failed]:https://nha.chotot.com/ha-noi/quan-hoang-mai/thue-bat-dong-san/83255279.htm
stt,0
91,[get failed]:https://nha.chotot.com/ha-noi/quan-hai-ba-trung/thue-bat-dong-san/83304094.htm
stt,0
92,[parse failed]:https://nha.chotot.com/ha-noi/quan-hai-ba-trung/thue-bat-dong-san/83247253.htm
stt,0
93,[parse failed]:https://nha.chotot.com/ha-noi/quan-thanh-xuan/thue-bat-dong-san/83244168.htm
stt,0
94,[parse failed]:https://nha.chotot.com/ha-noi/quan-dong-da/thue-bat-dong-san/83229894.htm
stt,0
95,[parse failed]:https://nha.chotot.com/ha-noi/quan-cau-giay/thue-bat-dong-san/83266966.htm
stt,0
96,[get failed]:https://nha.chotot.com/ha-noi/quan-nam-tu-liem/thue-bat-dong-san/83259680.htm
stt,0
97,[parse failed]:https://nha.chotot.com/ha-noi/quan-dong-da/thue-bat-dong-san/83092727.htm
stt,0
98,[get failed]:https://nha.chotot.com/ha-noi/quan-ha-dong/thue-bat-dong-san/83070209.htm
stt,0
99,[get failed]:https://nha.chotot.com/ha-noi/quan-tay-ho/thue-bat-dong-san/83068960.htm
stt,0
100,[get failed]:https://nha.chotot.com/ha-noi/quan-hoang-mai/thue-bat-dong-san/83078600.htm
stt,0
101,[get failed]:https://nha.chotot.com/ha-noi/quan-ha-dong/thue-bat-dong-san/83014006.htm
102,[parse failed]:https://nha.chotot.com/ha-noi/quan-ha-dong/thue-bat-dong-san/83014830.htm
stt,0
103,[parse failed]:https://nha.chotot.com/ha-noi/quan-dong-da/thue-bat-dong-san/83065082.htm
104,[parse failed]:https://nha.chotot.com/ha-noi/quan-hoang-mai/thue-bat-dong-san/83065437.htm
105,[parse failed]:https://nha.chotot.com/ha-noi/quan-dong-da/thue-bat-dong-san/83065077.htm
stt,0
106,[parse failed]:https://nha.chotot.com/ha-noi/quan-ba-dinh/thue-bat-dong-san/83059124.htm
stt,0
107,[get failed]:https://nha.chotot.com/ha-noi/quan-hoang-mai/thue-bat-dong-san/83003143.htm
stt,0
108,[get failed]:https://nha.chotot.com/ha-noi/quan-hoang-mai/thue-bat-dong-san/83006475.htm
stt,0
109,[get failed]:https://nha.chotot.com/ha-noi/quan-cau-giay/thue-bat-dong-san/82120564.htm
stt,0
110,[get failed]:https://nha.chotot.com/ha-noi/quan-tay-ho/thue-bat-dong-san/83046843.htm
stt,0
111,[get failed]:https://nha.chotot.com/ha-noi/quan-nam-tu-liem/thue-bat-dong-san/83043203.htm
stt,0
112,[get failed]:https://nha.chotot.com/ha-noi/quan-hoang-mai/thue-bat-dong-san/83030113.htm
stt,0
113,[get failed]:https://nha.chotot.com/ha-noi/quan-cau-giay/thue-bat-dong-san/82957018.htm
stt,0
114,[get failed]:https://nha.chotot.com/ha-noi/quan-bac-tu-liem/thue-bat-dong-san/82973940.htm
115,[get failed]:https://nha.chotot.com/ha-noi/quan-thanh-xuan/thue-bat-dong-san/82975374.htm
stt,0
116,[parse failed]:https://nha.chotot.com/ha-noi/quan-nam-tu-liem/thue-bat-dong-san/82985101.htm
stt,0
117,[get failed]:https://nha.chotot.com/ha-noi/quan-nam-tu-liem/thue-bat-dong-san/82916401.htm
stt,0
118,[parse failed]:https://nha.chotot.com/ha-noi/quan-thanh-xuan/thue-bat-dong-san/82897359.htm
stt,0
119,[parse failed]:https://nha.chotot.com/ha-noi/quan-thanh-xuan/thue-bat-dong-san/82926252.htm
