stt,url
[parse failed]: https://nha.chotot.com/ha-noi/quan-ha-dong/thue-bat-dong-san/84002248.htm
[parse failed]: https://nha.chotot.com/ha-noi/quan-hai-ba-trung/thue-bat-dong-san/83974408.htm
[parse failed]: https://nha.chotot.com/ha-noi/quan-hoang-mai/thue-bat-dong-san/83991664.htm
[parse failed]: https://nha.chotot.com/ha-noi/quan-nam-tu-liem/thue-bat-dong-san/83909805.htm
[parse failed]: https://nha.chotot.com/ha-noi/quan-dong-da/thue-bat-dong-san/83863592.htm
[parse failed]: https://nha.chotot.com/ha-noi/quan-hoan-kiem/thue-bat-dong-san/83886162.htm
[parse failed]: https://nha.chotot.com/ha-noi/huyen-hoai-duc/thue-bat-dong-san/83832129.htm
[parse failed]: https://nha.chotot.com/ha-noi/quan-thanh-xuan/thue-bat-dong-san/83817324.htm
[parse failed]: https://nha.chotot.com/ha-noi/quan-dong-da/thue-bat-dong-san/83764203.htm
[parse failed]: https://nha.chotot.com/ha-noi/huyen-thanh-tri/thue-bat-dong-san/83793736.htm
[parse failed]: https://nha.chotot.com/ha-noi/quan-cau-giay/thue-bat-dong-san/83801690.htm
[parse failed]: https://nha.chotot.com/ha-noi/quan-cau-giay/thue-bat-dong-san/83723108.htm
[parse failed]: https://nha.chotot.com/ha-noi/quan-hai-ba-trung/thue-bat-dong-san/83718799.htm
[parse failed]: https://nha.chotot.com/ha-noi/quan-cau-giay/thue-bat-dong-san/83714092.htm
[parse failed]: https://nha.chotot.com/ha-noi/huyen-thanh-tri/thue-bat-dong-san/83690136.htm
[parse failed]: https://nha.chotot.com/ha-noi/quan-ha-dong/thue-bat-dong-san/83691150.htm
[parse failed]: https://nha.chotot.com/ha-noi/quan-ha-dong/thue-bat-dong-san/83669964.htm
[parse failed]: https://nha.chotot.com/ha-noi/quan-cau-giay/thue-bat-dong-san/83597627.htm
[parse failed]: https://nha.chotot.com/ha-noi/quan-ha-dong/thue-bat-dong-san/83608594.htm
[parse failed]: https://nha.chotot.com/ha-noi/quan-thanh-xuan/thue-bat-dong-san/83576184.htm
[parse failed]: https://nha.chotot.com/ha-noi/quan-thanh-xuan/thue-bat-dong-san/83571491.htm
[parse failed]: https://nha.chotot.com/ha-noi/quan-long-bien/thue-bat-dong-san/83575547.htm
[parse failed]: https://nha.chotot.com/ha-noi/quan-cau-giay/thue-bat-dong-san/83642595.htm
[parse failed]: https://nha.chotot.com/ha-noi/quan-thanh-xuan/thue-bat-dong-san/83509586.htm
[parse failed]: https://nha.chotot.com/ha-noi/quan-thanh-xuan/thue-bat-dong-san/83507060.htm
[parse failed]: https://nha.chotot.com/ha-noi/quan-ha-dong/thue-bat-dong-san/83449500.htm
[parse failed]: https://nha.chotot.com/ha-noi/quan-hai-ba-trung/thue-bat-dong-san/83448358.htm
[parse failed]: https://nha.chotot.com/ha-noi/quan-nam-tu-liem/thue-bat-dong-san/83385329.htm
[parse failed]: https://nha.chotot.com/ha-noi/quan-cau-giay/thue-bat-dong-san/83386745.htm
[parse failed]: https://nha.chotot.com/ha-noi/quan-nam-tu-liem/thue-bat-dong-san/83341202.htm
[parse failed]: https://nha.chotot.com/ha-noi/quan-hai-ba-trung/thue-bat-dong-san/83350091.htm
[parse failed]: https://nha.chotot.com/ha-noi/quan-hai-ba-trung/thue-bat-dong-san/83247253.htm
[parse failed]: https://nha.chotot.com/ha-noi/quan-thanh-xuan/thue-bat-dong-san/83244168.htm
[parse failed]: https://nha.chotot.com/ha-noi/quan-cau-giay/thue-bat-dong-san/83266966.htm
[parse failed]: https://nha.chotot.com/ha-noi/quan-dong-da/thue-bat-dong-san/83229894.htm
[parse failed]: https://nha.chotot.com/ha-noi/quan-dong-da/thue-bat-dong-san/83092727.htm
[parse failed]: https://nha.chotot.com/ha-noi/quan-ha-dong/thue-bat-dong-san/83014830.htm
[parse failed]: https://nha.chotot.com/ha-noi/quan-ba-dinh/thue-bat-dong-san/83059124.htm
[parse failed]: https://nha.chotot.com/ha-noi/quan-thanh-xuan/thue-bat-dong-san/82897359.htm
[parse failed]: https://nha.chotot.com/ha-noi/quan-thanh-xuan/thue-bat-dong-san/82926252.htm
[parse failed]: https://nha.chotot.com/ha-noi/quan-dong-da/thue-bat-dong-san/82873269.htm
[parse failed]: https://nha.chotot.com/ha-noi/quan-nam-tu-liem/thue-bat-dong-san/82835852.htm
[parse failed]: https://nha.chotot.com/ha-noi/quan-dong-da/thue-bat-dong-san/82764877.htm
[parse failed]: https://nha.chotot.com/ha-noi/quan-thanh-xuan/thue-bat-dong-san/82790268.htm
[parse failed]: https://nha.chotot.com/ha-noi/quan-dong-da/thue-bat-dong-san/82633863.htm
[parse failed]: https://nha.chotot.com/ha-noi/quan-nam-tu-liem/thue-bat-dong-san/82620500.htm
[parse failed]: https://nha.chotot.com/ha-noi/quan-dong-da/thue-bat-dong-san/82617861.htm
[parse failed]: https://nha.chotot.com/ha-noi/quan-ha-dong/thue-bat-dong-san/82698654.htm
[parse failed]: https://nha.chotot.com/ha-noi/quan-ha-dong/thue-bat-dong-san/82418248.htm
[parse failed]: https://nha.chotot.com/ha-noi/quan-cau-giay/thue-bat-dong-san/82330963.htm
[parse failed]: https://nha.chotot.com/ha-noi/quan-long-bien/thue-bat-dong-san/82293116.htm
[parse failed]: https://nha.chotot.com/ha-noi/quan-ba-dinh/thue-bat-dong-san/82222832.htm
[parse failed]: https://nha.chotot.com/ha-noi/quan-hai-ba-trung/thue-bat-dong-san/82200486.htm
